{
  "min_dist": 0.1,
  "offset": {
    "translation": [
      0.0,
      0.0,
      0.000025
    ],
    "rotation": [
      0.0,
      0.0,
      0.0
    ]
  },
  "pose_target_config": [
      {
        "translation": [
          0.0,
          0.0,
          0.025025
        ],
        "rotation": [
          0.0,
          0.0,
          0.0
        ]
      },
      {
        "translation": [
          0.0,
          0.0,
          0.025025
        ],
        "rotation": [
          0.0,
          0.0,
          1.5708
        ]
      },
      {
        "translation": [
          0.0,
          0.0,
          0.025025
        ],
        "rotation": [
          0.0,
          0.0,
          3.1416
        ]
      },
      {
        "translation": [
          0.0,
          0.0,
          0.025025
        ],
        "rotation": [
          0.0,
          0.0,
          -1.5708
        ]
      }
    ]
}